{
  "timestamp": "2026-02-08T23:45:04.342096",
  "method": "pooled_rmse_analysis",
  "test_cases": [
    "general"
  ],
  "results": {
    "general": {
      "stats": {
        "n_total": 617,
        "n_seeds": 100,
        "n_below": 305,
        "n_above": 312,
        "position_median_below": 0.0014531538452389435,
        "position_median_above": 0.016635987039827577,
        "position_ratio": 11.448193936473468,
        "position_mean_below": 0.011223889825321264,
        "position_mean_above": 0.04289100977577593,
        "position_mannwhitney_U": 76090.0,
        "position_mannwhitney_p": 2.981467340672594e-38,
        "intensity_median_below": 0.004087411958840163,
        "intensity_median_above": 0.12240296266924514,
        "intensity_ratio": 29.94632395800349,
        "intensity_mean_below": 0.0675513356559971,
        "intensity_mean_above": 0.4579947794583478,
        "intensity_mannwhitney_U": 82448.0,
        "intensity_mannwhitney_p": 3.4155637821751225e-56,
        "total_median_below": 0.0026097973037028945,
        "total_median_above": 0.07158460446604899,
        "total_ratio": 27.429181708664355,
        "total_mean_below": 0.039991708375385536,
        "total_mean_above": 0.2658330879501088,
        "total_mannwhitney_U": 82041.0,
        "total_mannwhitney_p": 6.1484778234090974e-55,
        "test_case": "general",
        "expected_formula": "N_max = (2/3)n*"
      },
      "binned": {
        "position": [
          {
            "bin": -8,
            "n": 8,
            "median": 0.011738723015129193,
            "q25": 0.00045072346756135225,
            "q75": 0.02035623774396353,
            "mean": 0.010987524108470882,
            "std": 0.009713797807034635
          },
          {
            "bin": -7,
            "n": 17,
            "median": 0.008359894003127219,
            "q25": 0.00041655801216490215,
            "q75": 0.0178155744303953,
            "mean": 0.009106287259146343,
            "std": 0.008172341320721426
          },
          {
            "bin": -6,
            "n": 34,
            "median": 0.005622171901725169,
            "q25": 0.0005038931386175667,
            "q75": 0.016990721817584667,
            "mean": 0.011440854222578744,
            "std": 0.016158736963880607
          },
          {
            "bin": -5,
            "n": 19,
            "median": 0.0010123562045094838,
            "q25": 0.0005226400029557111,
            "q75": 0.011925180858176341,
            "mean": 0.006801423581915971,
            "std": 0.00967719602980636
          },
          {
            "bin": -4,
            "n": 78,
            "median": 0.0007263279151763861,
            "q25": 0.0004170108964412343,
            "q75": 0.0038059567562857255,
            "mean": 0.004355242159458553,
            "std": 0.007386960818813234
          },
          {
            "bin": -3,
            "n": 22,
            "median": 0.0010852175226794478,
            "q25": 0.0004542855840341552,
            "q75": 0.005174304341080283,
            "mean": 0.0036498213671462996,
            "std": 0.0050769542692134535
          },
          {
            "bin": -2,
            "n": 78,
            "median": 0.001085827376630277,
            "q25": 0.0007698019215877465,
            "q75": 0.004040840992383899,
            "mean": 0.008677727208609915,
            "std": 0.02176607835409824
          },
          {
            "bin": -1,
            "n": 22,
            "median": 0.011479934895622036,
            "q25": 0.0021627917475844287,
            "q75": 0.05190163374463043,
            "mean": 0.03919667266669494,
            "std": 0.0568963826343623
          },
          {
            "bin": 0,
            "n": 78,
            "median": 0.0038651262101877977,
            "q25": 0.0020909023272991075,
            "q75": 0.022899876572462424,
            "mean": 0.02329090783918799,
            "std": 0.037457332963571066
          },
          {
            "bin": 1,
            "n": 22,
            "median": 0.007047294204048355,
            "q25": 0.002729585664077557,
            "q75": 0.020243672688380912,
            "mean": 0.02198410225945983,
            "std": 0.030513906235656106
          },
          {
            "bin": 2,
            "n": 78,
            "median": 0.009400364602405772,
            "q25": 0.004618836601269295,
            "q75": 0.01723561467338799,
            "mean": 0.021730338795072697,
            "std": 0.040688001441730376
          },
          {
            "bin": 3,
            "n": 22,
            "median": 0.018943598232033544,
            "q25": 0.012553544040562544,
            "q75": 0.049425005314523054,
            "mean": 0.0455039523166326,
            "std": 0.06093996250012884
          },
          {
            "bin": 4,
            "n": 78,
            "median": 0.021822190806196042,
            "q25": 0.011962023669963743,
            "q75": 0.0500244962405138,
            "mean": 0.0505914584511206,
            "std": 0.0695369811544668
          },
          {
            "bin": 5,
            "n": 22,
            "median": 0.09207368690531517,
            "q25": 0.02862519575144736,
            "q75": 0.17106033062005488,
            "mean": 0.1017942464660485,
            "std": 0.07502047136208939
          },
          {
            "bin": 6,
            "n": 39,
            "median": 0.03612247218452761,
            "q25": 0.024555034949715327,
            "q75": 0.11977191132570165,
            "mean": 0.07444005589300128,
            "std": 0.06839340968076985
          }
        ],
        "intensity": [
          {
            "bin": -8,
            "n": 8,
            "median": 0.016258742333605913,
            "q25": 0.0005274295121494021,
            "q75": 0.03259138904472608,
            "mean": 0.01770203901830872,
            "std": 0.01600309589741389
          },
          {
            "bin": -7,
            "n": 17,
            "median": 0.013014363993535172,
            "q25": 0.0005671437480879679,
            "q75": 0.031196672319595775,
            "mean": 0.015717555822697356,
            "std": 0.016443551243487977
          },
          {
            "bin": -6,
            "n": 34,
            "median": 0.011385722947904292,
            "q25": 0.0005120211510323314,
            "q75": 0.023132048707351652,
            "mean": 0.01634851564666439,
            "std": 0.019796880532354993
          },
          {
            "bin": -5,
            "n": 19,
            "median": 0.0022235668568740133,
            "q25": 0.0004971233089653415,
            "q75": 0.016342616488002726,
            "mean": 0.011513597368819828,
            "std": 0.017222480454737527
          },
          {
            "bin": -4,
            "n": 78,
            "median": 0.0013235527905217327,
            "q25": 0.00042736330136594614,
            "q75": 0.007050420285401402,
            "mean": 0.012735430560732763,
            "std": 0.026764980892030193
          },
          {
            "bin": -3,
            "n": 22,
            "median": 0.0032351080800611595,
            "q25": 0.0014192271425012475,
            "q75": 0.012206973216276416,
            "mean": 0.017155608252938666,
            "std": 0.028818503983823095
          },
          {
            "bin": -2,
            "n": 78,
            "median": 0.00399290525079591,
            "q25": 0.002270086309678968,
            "q75": 0.017252301383777206,
            "mean": 0.03773639457182899,
            "std": 0.09327774217100995
          },
          {
            "bin": -1,
            "n": 22,
            "median": 0.05987444546293945,
            "q25": 0.008094623913263791,
            "q75": 0.2316557571451127,
            "mean": 0.35998906238147144,
            "std": 0.6266048183015966
          },
          {
            "bin": 0,
            "n": 78,
            "median": 0.018970107083471983,
            "q25": 0.00815570444979951,