{
  "timestamp": "2026-02-05T14:38:21.827347",
  "method": "pooled_rmse_analysis",
  "test_cases": [
    "general"
  ],
  "results": {
    "general": {
      "stats": {
        "n_total": 653,
        "n_seeds": 100,
        "n_below": 280,
        "n_above": 373,
        "position_median_below": 0.0008260220526162113,
        "position_median_above": 0.022322304496435547,
        "position_ratio": 27.023860229560963,
        "position_mean_below": 0.0012924460126177285,
        "position_mean_above": 0.03462153371293384,
        "position_mannwhitney_U": 102104.0,
        "position_mannwhitney_p": 2.2351770218097627e-97,
        "intensity_median_below": 0.001857827251369259,
        "intensity_median_above": 0.17891452807052444,
        "intensity_ratio": 96.3031024217459,
        "intensity_mean_below": 0.004344171358818108,
        "intensity_mean_above": 0.4550992058693868,
        "intensity_mannwhitney_U": 102679.0,
        "intensity_mannwhitney_p": 1.3907458590664298e-99,
        "total_median_below": 0.001205869461713934,
        "total_median_above": 0.10469827468040606,
        "total_ratio": 86.82388766325971,
        "total_mean_below": 0.00265469585952787,
        "total_mean_above": 0.2640748290066386,
        "total_mannwhitney_U": 102677.0,
        "total_mannwhitney_p": 1.4156785913057666e-99,
        "test_case": "general",
        "expected_formula": "N_max = (2/3)n*"
      },
      "binned": {
        "position": [
          {
            "bin": -6,
            "n": 27,
            "median": 0.0003844333119204669,
            "q25": 0.0002336523822372052,
            "q75": 0.0005871227806029338,
            "mean": 0.00048668400654097764,
            "std": 0.00034434883512299237
          },
          {
            "bin": -5,
            "n": 26,
            "median": 0.0004527202470904014,
            "q25": 0.0002727591040092315,
            "q75": 0.0008784597828023424,
            "mean": 0.0006355394310354702,
            "std": 0.0004831129191249071
          },
          {
            "bin": -4,
            "n": 71,
            "median": 0.0004669948445884417,
            "q25": 0.0002960642500645883,
            "q75": 0.0007638078844584927,
            "mean": 0.0006291483288520221,
            "std": 0.0005082360653343988
          },
          {
            "bin": -3,
            "n": 29,
            "median": 0.0006428289065202295,
            "q25": 0.0004496964049403018,
            "q75": 0.0011836729402713625,
            "mean": 0.001078211109791921,
            "std": 0.0010233237039614714
          },
          {
            "bin": -2,
            "n": 71,
            "median": 0.001122726652769169,
            "q25": 0.0007416966007645015,
            "q75": 0.001801455688206912,
            "mean": 0.0014284408795438505,
            "std": 0.001144372167280612
          },
          {
            "bin": -1,
            "n": 29,
            "median": 0.0017615478576634633,
            "q25": 0.001374730782462389,
            "q75": 0.0038752720293195957,
            "mean": 0.0025400833305949415,
            "std": 0.0016824857201094185
          },
          {
            "bin": 0,
            "n": 71,
            "median": 0.002874993576787288,
            "q25": 0.001885353592259198,
            "q75": 0.004370486340809707,
            "mean": 0.0034873186825768003,
            "std": 0.0023304901501905767
          },
          {
            "bin": 1,
            "n": 29,
            "median": 0.005264357846685306,
            "q25": 0.0044262582131018085,
            "q75": 0.008111747153444579,
            "mean": 0.006269676519283035,
            "std": 0.0033775605926632335
          },
          {
            "bin": 2,
            "n": 71,
            "median": 0.0075180917406920695,
            "q25": 0.00555412510825525,
            "q75": 0.010692916211773124,
            "mean": 0.01164102903054535,
            "std": 0.011935011239518154
          },
          {
            "bin": 3,
            "n": 29,
            "median": 0.026042642220636,
            "q25": 0.009296769749301522,
            "q75": 0.0711395965360964,
            "mean": 0.03565689661225243,
            "std": 0.028560335135721808
          },
          {
            "bin": 4,
            "n": 71,
            "median": 0.02869001376234635,
            "q25": 0.013993028370123417,
            "q75": 0.052810898972806164,
            "mean": 0.0340127230838499,
            "std": 0.02357681442148118
          },
          {
            "bin": 5,
            "n": 29,
            "median": 0.04294765631064852,
            "q25": 0.030736236123638027,
            "q75": 0.060903179950838986,
            "mean": 0.046817663374195156,
            "std": 0.02183602763254439
          },
          {
            "bin": 6,
            "n": 71,
            "median": 0.05477575124001713,
            "q25": 0.04049320322534808,
            "q75": 0.07131734751414903,
            "mean": 0.06718071460147276,
            "std": 0.047620992159911675
          },
          {
            "bin": 7,
            "n": 29,
            "median": 0.059843184123523636,
            "q25": 0.038641745536189695,
            "q75": 0.07938346683678738,
            "mean": 0.07457253346726414,
            "std": 0.057269745523492316
          }
        ],
        "intensity": [
          {
            "bin": -6,
            "n": 27,
            "median": 0.0004602222188474503,
            "q25": 0.0001417502391636294,
            "q75": 0.0009567864930755616,
            "mean": 0.0006956166450576143,
            "std": 0.0007477139592785827
          },
          {
            "bin": -5,
            "n": 26,
            "median": 0.0006201706396951612,
            "q25": 0.00020357337312676416,
            "q75": 0.0013586609984850158,
            "mean": 0.0008970661146416072,
            "std": 0.0008291765814466058
          },
          {
            "bin": -4,
            "n": 71,
            "median": 0.0006425132789744764,
            "q25": 0.0003239710470047674,
            "q75": 0.0013694871471233133,
            "mean": 0.0011983177710294941,
            "std": 0.0014725780265490423
          },
          {
            "bin": -3,
            "n": 29,
            "median": 0.0020979090613191657,
            "q25": 0.0009655389353270431,
            "q75": 0.003528629938428982,
            "mean": 0.0029649561612972728,
            "std": 0.003244133309916688
          },
          {
            "bin": -2,
            "n": 71,
            "median": 0.0032432903842322686,
            "q25": 0.0016998149294308066,
            "q75": 0.006092923580661021,
            "mean": 0.004566789331767062,
            "std": 0.004063324368600722
          },
          {
            "bin": -1,
            "n": 29,
            "median": 0.007517474416025782,
            "q25": 0.004471110005544189,
            "q75": 0.014983889671919166,
            "mean": 0.01008603972165893,
            "std": 0.008272623835807296
          },
          {
            "bin": 0,
            "n": 71,
            "median": 0.014304709025473828,
            "q25": 0.007691965854112216,
            "q75": 0.019878089178481953,
            "mean": 0.01637727853315953,
            "std": 0.011653774311849273
          },
          {
            "bin": 1,
            "n": 29,
            "median": 0.030684938853117336,
            "q25": 0.01883262489746085,
            "q75": 0.04705085499747676,
            "mean": 0.03597048080746455,
            "std": 0.020608915169868142
          },
          {
            "bin": 2,
            "n": 71,
            "median": 0.046600386446004796,
            "q25": 0.029463299465102684,
            "q75": 0.06964831406087717,
            "mean": 0.1087265074088956,
            "std": 0.21029292385627543
          },
          {
            "bin": 3,
            "n": 29,
            "median": 0.1824498697360893,