{
  "timestamp": "2026-02-08T18:10:36.000544",
  "method": "pooled_rmse_analysis",
  "test_cases": [
    "general"
  ],
  "results": {
    "general": {
      "stats": {
        "n_total": 617,
        "n_seeds": 100,
        "n_below": 305,
        "n_above": 312,
        "position_median_below": 0.0012663562035412474,
        "position_median_above": 0.018608644276565,
        "position_ratio": 14.694636646883126,
        "position_mean_below": 0.007600328914247569,
        "position_mean_above": 0.05282033725234891,
        "position_mannwhitney_U": 78497.0,
        "position_mannwhitney_p": 1.2639001079787558e-44,
        "intensity_median_below": 0.0035874683733239064,
        "intensity_median_above": 0.11208667753511352,
        "intensity_ratio": 31.243948620865904,
        "intensity_mean_below": 0.044255003652148815,
        "intensity_mean_above": 0.5948324058487413,
        "intensity_mannwhitney_U": 83452.0,
        "intensity_mannwhitney_p": 2.3676172966325184e-59,
        "total_median_below": 0.002213991565080894,
        "total_median_above": 0.06579898357208619,
        "total_ratio": 29.719618001201393,
        "total_mean_below": 0.026187815415043524,
        "total_mean_above": 0.3450160445997298,
        "total_mannwhitney_U": 83084.0,
        "total_mannwhitney_p": 3.4880133085512135e-58,
        "test_case": "general",
        "expected_formula": "N_max = (2/3)n*"
      },
      "binned": {
        "position": [
          {
            "bin": -8,
            "n": 8,
            "median": 0.009045875576843504,
            "q25": 0.0004044588791397865,
            "q75": 0.01465784269811483,
            "mean": 0.008004905092079379,
            "std": 0.006955616473114269
          },
          {
            "bin": -7,
            "n": 17,
            "median": 0.008594322264431164,
            "q25": 0.0004143931870828736,
            "q75": 0.012868521713345007,
            "mean": 0.007073054697514943,
            "std": 0.006128920389491666
          },
          {
            "bin": -6,
            "n": 34,
            "median": 0.004836718118547001,
            "q25": 0.0003732065765906218,
            "q75": 0.01194038085064026,
            "mean": 0.006702157192228637,
            "std": 0.006992044345552362
          },
          {
            "bin": -5,
            "n": 19,
            "median": 0.0009558087990580768,
            "q25": 0.000374480766340242,
            "q75": 0.007814882126660008,
            "mean": 0.004184090740747461,
            "std": 0.005690859311968189
          },
          {
            "bin": -4,
            "n": 78,
            "median": 0.0005217461459689255,
            "q25": 0.0002690192446738876,
            "q75": 0.0028520017879751862,
            "mean": 0.0031891459828702904,
            "std": 0.005744137505471496
          },
          {
            "bin": -3,
            "n": 22,
            "median": 0.0006813078759375683,
            "q25": 0.00027429302284822483,
            "q75": 0.004453261284259996,
            "mean": 0.0033692795131715038,
            "std": 0.005377312618212726
          },
          {
            "bin": -2,
            "n": 78,
            "median": 0.0010901970598456733,
            "q25": 0.0006946175078032348,
            "q75": 0.0035894994731498694,
            "mean": 0.005604620153076539,
            "std": 0.012600893697918836
          },
          {
            "bin": -1,
            "n": 22,
            "median": 0.011365842749206045,
            "q25": 0.002427752611058703,
            "q75": 0.03348914329458136,
            "mean": 0.028650651605586008,
            "std": 0.04009265712370993
          },
          {
            "bin": 0,
            "n": 78,
            "median": 0.002793016885611511,
            "q25": 0.0016571462908198866,
            "q75": 0.015912012850746338,
            "mean": 0.020905495348656544,
            "std": 0.048404965023382554
          },
          {
            "bin": 1,
            "n": 22,
            "median": 0.005146201826908336,
            "q25": 0.0026496949920048174,
            "q75": 0.026907901359937973,
            "mean": 0.035121286520513856,
            "std": 0.05612189373949079
          },
          {
            "bin": 2,
            "n": 78,
            "median": 0.005510881747725503,
            "q25": 0.00308382035005492,
            "q75": 0.016236138406078328,
            "mean": 0.022429568706543373,
            "std": 0.04753727186826853
          },
          {
            "bin": 3,
            "n": 22,
            "median": 0.012110249067955537,
            "q25": 0.005049162207724379,
            "q75": 0.07934909861574235,
            "mean": 0.052440866266318185,
            "std": 0.07747586957628645
          },
          {
            "bin": 4,
            "n": 78,
            "median": 0.04697524633095386,
            "q25": 0.01261103336729974,
            "q75": 0.11136834606057114,
            "mean": 0.06950125944247823,
            "std": 0.06804777742114516
          },
          {
            "bin": 5,
            "n": 22,
            "median": 0.08070655945304087,
            "q25": 0.0367153338328664,
            "q75": 0.16690114567487327,
            "mean": 0.09806960070451863,
            "std": 0.0668264839340979
          },
          {
            "bin": 6,
            "n": 39,
            "median": 0.07592212301979813,
            "q25": 0.04415595259491327,
            "q75": 0.1554159181858773,
            "mean": 0.10335664742381723,
            "std": 0.06638576726920403
          }
        ],
        "intensity": [
          {
            "bin": -8,
            "n": 8,
            "median": 0.013521623141897365,
            "q25": 0.0003880346751737318,
            "q75": 0.02722664058538954,
            "mean": 0.014500669932379626,
            "std": 0.01291150197810809
          },
          {
            "bin": -7,
            "n": 17,
            "median": 0.010673914350144137,
            "q25": 0.00038204642080974516,
            "q75": 0.02279637646780297,
            "mean": 0.01265782172186351,
            "std": 0.013356498638843204
          },
          {
            "bin": -6,
            "n": 34,
            "median": 0.009377670132160416,
            "q25": 0.0004653613212989294,
            "q75": 0.01864018483446131,
            "mean": 0.011749870851011198,
            "std": 0.013109427340268721
          },
          {
            "bin": -5,
            "n": 19,
            "median": 0.0017966079192114019,
            "q25": 0.0005037563573189185,
            "q75": 0.011241868427587176,
            "mean": 0.008531909275875027,
            "std": 0.012319092336820063
          },
          {
            "bin": -4,
            "n": 78,
            "median": 0.0010116068946215535,
            "q25": 0.0002525112106247051,
            "q75": 0.006667368977978176,
            "mean": 0.008314925158524824,
            "std": 0.016197756675217022
          },
          {
            "bin": -3,
            "n": 22,
            "median": 0.0019279770950066345,
            "q25": 0.0006440315024855845,
            "q75": 0.009829899666520515,
            "mean": 0.013223342852585586,
            "std": 0.0257183579061664
          },
          {
            "bin": -2,
            "n": 78,
            "median": 0.0034917732490933233,
            "q25": 0.002161402240449602,
            "q75": 0.011072424976831778,
            "mean": 0.022018754450963806,
            "std": 0.052443270543142434
          },
          {
            "bin": -1,
            "n": 22,
            "median": 0.045089103940074565,
            "q25": 0.008031274844964154,
            "q75": 0.1741259237892105,
            "mean": 0.27286485761248813,
            "std": 0.5320012289358345
          },
          {
            "bin": 0,
            "n": 78,
            "median": 0.016349353089258924,
            "q25": 0.0064508662128802356,