{
  "domain": "brain",
  "test_case": "general_random_intensity",
  "test_type": "truncated_rmse",
  "formula": "N_max = (2/3)n*",
  "timestamp": "2026-02-05T21:33:21.545893",
  "statistics": {
    "n_total": 653,
    "n_seeds": 100,
    "n_below": 280,
    "n_above": 373,
    "position_median_below": 0.0005815856889268805,
    "position_median_above": 0.12878925154770485,
    "position_ratio": 221.44501489598517,
    "position_mean_below": 0.0009770212564950056,
    "position_mean_above": 0.13997411968502468,
    "position_mannwhitney_U": 104374.0,
    "position_mannwhitney_p": 3.116642116856007e-106,
    "intensity_median_below": 0.0018061495939000198,
    "intensity_median_above": 0.4485255974295477,
    "intensity_ratio": 248.33247420057057,
    "intensity_mean_below": 0.006277819397807451,
    "intensity_mean_above": 0.6176813428997247,
    "intensity_mannwhitney_U": 104165.0,
    "intensity_mannwhitney_p": 2.115565592355635e-105,
    "total_median_below": 0.0019186983708682698,
    "total_median_above": 0.4688913188953891,
    "total_ratio": 244.3799015075003,
    "total_mean_below": 0.006412943725874493,
    "total_mean_above": 0.6354348181954391,
    "total_mannwhitney_U": 104167.0,
    "total_mannwhitney_p": 2.0772225373585536e-105
  },
  "binned": {
    "position": {
      "bins": [
        -6,
        -5,
        -4,
        -3,
        -2,
        -1,
        0,
        1,
        2,
        3,
        4,
        5,
        6,
        7
      ],
      "counts": [
        27,
        26,
        71,
        29,
        71,
        29,
        71,
        29,
        71,
        29,
        71,
        29,
        71,
        29
      ],
      "medians": [
        0.0003047650705428073,
        0.0003047544921140731,
        0.0003187472845430161,
        0.0005670193980976803,
        0.0007081849616648189,
        0.001689024120578242,
        0.013175867932101607,
        0.030520250775164893,
        0.06639202791863653,
        0.08461123125931447,
        0.17910026421284095,
        0.19105065916145225,
        0.20271168440845808,
        0.2374164724080545
      ],
      "q25": [
        0.00018922842332277264,
        0.000194188250762545,
        0.00020876233111920674,
        0.0003417536915248851,
        0.0005632306362299169,
        0.0011106967047493528,
        0.0022397098596830395,
        0.025043519189832386,
        0.04949984334604766,
        0.06358354789172219,
        0.13096305305607536,
        0.14398990886766,
        0.14958446871523298,
        0.18595694667217036
      ],
      "q75": [
        0.0003798319501414116,
        0.0004225035582766336,
        0.0005010809716705541,
        0.0006611826333736221,
        0.001368199286264565,
        0.00222667622179822,
        0.03205015412076617,
        0.05008441326578192,
        0.10108118578881191,
        0.12472331223716446,
        0.2351520058124317,
        0.24901291592309965,
        0.2691202914662223,
        0.273818041248651
      ],
      "means": [
        0.00031201399343745256,
        0.00035275152025737223,
        0.0003898199256985024,
        0.0006176104757529601,
        0.001022781841474072,
        0.0018161520005146852,
        0.01957912587048443,
        0.03733360044135049,
        0.08522995132917993,
        0.10676511128847631,
        0.18602682132474127,
        0.19588826571665463,
        0.21060490298477347,
        0.2356387443656075
      ],
      "stds": [
        0.00016335186596606896,
        0.0002037864469625046,
        0.00025666065582023023,
        0.0005035797685604393,
        0.0007295062128077132,
        0.0009873714379838635,
        0.020200595076654268,
        0.015253365352410437,
        0.05305023482647764,
        0.06038112787306398,
        0.06518524383892663,
        0.06326656479315045,
        0.06938450690819789,
        0.055310377195928885
      ]
    },
    "intensity": {
      "bins": [
        -6,
        -5,
        -4,
        -3,
        -2,
        -1,
        0,
        1,
        2,
        3,
        4,
        5,
        6,
        7
      ],
      "counts": [
        27,
        26,
        71,
        29,
        71,
        29,
        71,
        29,
        71,
        29,
        71,
        29,
        71,
        29
      ],
      "medians": [
        0.00031887038180400396,
        0.000563197362324854,
        0.000555799827306025,
        0.001643999256764305,
        0.0029421090024069328,
        0.007777660902855637,
        0.08015365634666285,
        0.22346338927538323,
        0.35232921741880247,
        0.42148556010264543,
        0.6324387313277586,
        0.8512871826276155,
        0.94016116604755,
        1.0549114579145185
      ],
      "q25": [
        0.00010101476101712077,
        0.0003358376530940288,
        0.00024187707243278345,
        0.0010001071096969797,
        0.002010632339280753,
        0.004604636066228171,
        0.010987099806476419,
        0.18785989115872037,
        0.2754940314573615,
        0.3470554670317004,
        0.43694571688326567,
        0.40595687042044964,
        0.4820336999069202,
        0.8779396582343156
      ],
      "q75": [
        0.0006161596402719867,
        0.0007429787907836501,
        0.001252846922089395,
        0.0027487131183162464,
        0.0047953497962054895,
        0.01113394033024635,
        0.19405635489975287,
        0.29213245994655274,
        0.45734208963503586,
        0.530642709286568,
        1.0510841990271185,
        1.2113284419877108,
        1.256269243520518,
        1.3094117487595784
      ],
      "means": [
        0.0004711505008907174,
        0.0007107514225503149,
        0.0008963206679069943,
        0.002139611644919431,
        0.0042200920424063405,
        0.008673676044047673,
        0.126206964372873,
        0.24319920709997345,
        0.38353140381330786,
        0.47165660594007547,
        0.7816418576766152,
        0.837496555889287,
        0.9052001695203832,
        1.050670769513942
      ],
      "stds": [
        0.0004955809519249083,
        0.0006181860970401558,
        0.0009440139016426857,
        0.0017590011896523765,
        0.00444085646495797,
        0.0056730840555232675,
        0.1427710747187974,
        0.08121453348289023,
        0.16254535296174333,
        0.2057372476094057,
        0.414358651234142,
        0.4385993049492642,
        0.4364615768749058,
        0.3701926699157826
      ]
    },
    "total": {
      "bins": [
        -6,
        -5,
        -4,
        -3,
        -2,
        -1,
        0,
        1,
        2,
        3,
        4,
        5,
        6,
        7
      ],
      "counts": [
        27,
        26,
        71,
        29,
        71,
        29,
        71,
        29,
        71,
        29,
        71,
        29,
        71,
        29
      ],
      "medians": [
        0.0004448837826859147,
        0.0006401479118011606,
        0.0006179121817836033,
        0.0017338251431984377,
        0.003089845582907474,
        0.007919845745587262,
        0.08193639716003107,
        0.22537693690035765,
        0.3606963002945338,
        0.4341892833010326,
        0.6730792999945533,
        0.8648621514400944,
        0.9599845080937148,
        1.0742967995681174
      ],
      "q25": [
        0.0002527178460989308,
        0.0004333604507382288,
        0.00033680067702598806,
        0.0011228291800593987,
        0.0020490961578034633,
        0.00473669932256105,
        0.01109854107152209,
        0.19026647639808061,
        0.28002726245137904,
        0.3815035343420277,
        0.4578008502512657,
        0.4307366649094116,
        0.49926647659680545,
        0.9108534370319674
      ],