{
  "domain": "ellipse",
  "test_case": "general_random_intensity",
  "test_type": "truncated_rmse",
  "formula": "N_max = (2/3)n*",
  "timestamp": "2026-02-05T21:33:16.937494",
  "statistics": {
    "n_total": 653,
    "n_seeds": 100,
    "n_below": 280,
    "n_above": 373,
    "position_median_below": 0.0007639697871627349,
    "position_median_above": 0.16176523734868933,
    "position_ratio": 211.74297736231205,
    "position_mean_below": 0.0012795389941807369,
    "position_mean_above": 0.17856742725364338,
    "position_mannwhitney_U": 104380.0,
    "position_mannwhitney_p": 2.949579684716421e-106,
    "intensity_median_below": 0.0018061650175079064,
    "intensity_median_above": 0.4704190841025731,
    "intensity_ratio": 260.45188537182696,
    "intensity_mean_below": 0.00647727267457191,
    "intensity_mean_above": 0.6264742407682996,
    "intensity_mannwhitney_U": 104170.0,
    "intensity_mannwhitney_p": 2.0210043638203116e-105,
    "total_median_below": 0.002002598416191304,
    "total_median_above": 0.4944629112529224,
    "total_ratio": 246.910667288617,
    "total_mean_below": 0.006703248566127932,
    "total_mean_above": 0.6543621300020953,
    "total_mannwhitney_U": 104175.0,
    "total_mannwhitney_p": 1.9306613565709646e-105
  },
  "binned": {
    "position": {
      "bins": [
        -6,
        -5,
        -4,
        -3,
        -2,
        -1,
        0,
        1,
        2,
        3,
        4,
        5,
        6,
        7
      ],
      "counts": [
        27,
        26,
        71,
        29,
        71,
        29,
        71,
        29,
        71,
        29,
        71,
        29,
        71,
        29
      ],
      "medians": [
        0.0003934468814101299,
        0.0004306955126667328,
        0.0004237921200359996,
        0.0007061329093579821,
        0.0009922246928045044,
        0.0021940986020330946,
        0.017624105229703462,
        0.036540748840391366,
        0.09175454379050504,
        0.11108625190358026,
        0.23728468750888246,
        0.2862896262952286,
        0.25739343948398047,
        0.3187935703746815
      ],
      "q25": [
        0.00027362731789087435,
        0.0002607657040265979,
        0.00027092680346785974,
        0.00047395415017182046,
        0.0007465321106662546,
        0.0015133112293917598,
        0.002915983346908353,
        0.02984941677404959,
        0.05855164494202052,
        0.08111453402903387,
        0.1626941598527853,
        0.16269532511203139,
        0.19106456140592842,
        0.27290935470841116
      ],
      "q75": [
        0.0005609992947390206,
        0.0006144840819167347,
        0.0006819109165688352,
        0.0008739278823930246,
        0.0017794782659037618,
        0.002930577506347185,
        0.03994461997553339,
        0.06423954590244065,
        0.135879269128111,
        0.16066720715766383,
        0.29150775767184567,
        0.33572194218688833,
        0.33567689888360797,
        0.3531598342994514
      ],
      "means": [
        0.0004436480143448423,
        0.00048558023290740506,
        0.0005308718795881236,
        0.000796457687989213,
        0.0013427379661980483,
        0.0023129096043155288,
        0.025333990701667277,
        0.04606160443715371,
        0.11152846346578262,
        0.12887127705587884,
        0.23216844164617362,
        0.2629847766754223,
        0.26494284450962935,
        0.3104955896956171
      ],
      "stds": [
        0.0002316551627288707,
        0.00026914197334176784,
        0.0003486925685491486,
        0.0006099836987676102,
        0.0009171462586352913,
        0.0011770621295982221,
        0.026361722497644378,
        0.023061175075155094,
        0.07093232028034227,
        0.07230418593851137,
        0.08303301512462023,
        0.0978503980233265,
        0.08711273557899588,
        0.0657387102208752
      ]
    },
    "intensity": {
      "bins": [
        -6,
        -5,
        -4,
        -3,
        -2,
        -1,
        0,
        1,
        2,
        3,
        4,
        5,
        6,
        7
      ],
      "counts": [
        27,
        26,
        71,
        29,
        71,
        29,
        71,
        29,
        71,
        29,
        71,
        29,
        71,
        29
      ],
      "medians": [
        0.0003188703780980795,
        0.0005631973149675179,
        0.0005557998383916019,
        0.0016440456112780445,
        0.0029394130434467355,
        0.007761986354494453,
        0.08845590733883564,
        0.2008072187207153,
        0.355114454715969,
        0.4418648019668342,
        0.6324387320746763,
        0.9570407861779814,
        0.8646908879994738,
        1.1073736203044235
      ],
      "q25": [
        0.00010101476543188846,
        0.00033583765474579086,
        0.00024187707251888124,
        0.0010001071513653956,
        0.0020107553411925563,
        0.004604995125839835,
        0.010989544762234418,
        0.16574517162822602,
        0.2655878877700164,
        0.31657844221904313,
        0.4712027322445061,
        0.4237442199275432,
        0.4647360704129108,
        0.9400836118791273
      ],
      "q75": [
        0.0006161596351752295,
        0.0007429787854643512,
        0.0012528563504031374,
        0.0027487131500672237,
        0.0047953996751624785,
        0.011130765308860147,
        0.20324333048239498,
        0.2918901149909216,
        0.48521953780367144,
        0.5306428088870714,
        1.0231118182153454,
        1.2370511513888547,
        1.2567287353049346,
        1.4329225562620516
      ],
      "means": [
        0.00047115092604560607,
        0.0007107459439019642,
        0.0008963254196433052,
        0.0021396593286131292,
        0.0042207416415364326,
        0.008673514093577188,
        0.12851761282920193,
        0.23446473823182098,
        0.39535110475654844,
        0.46828912562533265,
        0.7697021969415604,
        0.9238357705470185,
        0.8835042897672101,
        1.1392067238859296
      ],
      "stds": [
        0.0004955815701914904,
        0.0006181751903544237,
        0.0009440198002730413,
        0.0017590469308670412,
        0.004444169901319871,
        0.00567296964799681,
        0.14443736145672526,
        0.0941008713083113,
        0.17911878412071572,
        0.2035730051545617,
        0.3743201268611129,
        0.5122524784256957,
        0.40904513083237404,
        0.3614015277532947
      ]
    },
    "total": {
      "bins": [
        -6,
        -5,
        -4,
        -3,
        -2,
        -1,
        0,
        1,
        2,
        3,
        4,
        5,
        6,
        7
      ],
      "counts": [
        27,
        26,
        71,
        29,
        71,
        29,
        71,
        29,
        71,
        29,
        71,
        29,
        71,
        29
      ],
      "medians": [
        0.0005514594241241602,
        0.000703810140522267,
        0.000676850777411022,
        0.001770215234988068,
        0.0031280096510031426,
        0.008026306931460489,
        0.09001434662195525,
        0.20485659507092324,
        0.36591517912885424,
        0.4577065692274753,
        0.6929730898518403,
        1.018442408901766,
        0.9245822166499709,
        1.151293827019824
      ],
      "q25": [
        0.0003270745525164821,
        0.00047990412738667035,
        0.0004045274932389037,
        0.0012952723086881127,
        0.002089151201024492,
        0.004807385465031424,
        0.0111739902694877,
        0.16855698309263412,
        0.2796802960012201,
        0.34410740849408894,
        0.4988482102717559,
        0.453420904673409,
        0.5012846868591162,
        0.9619445477407255
      ],