{
  "domain": "disk",
  "test_case": "general_random_intensity",
  "test_type": "truncated_rmse",
  "formula": "N_max = (2/3)n*",
  "timestamp": "2026-02-05T21:33:12.528091",
  "statistics": {
    "n_total": 653,
    "n_seeds": 100,
    "n_below": 280,
    "n_above": 373,
    "position_median_below": 0.0008855936763508029,
    "position_median_above": 0.142714345372628,
    "position_ratio": 161.15104385196148,
    "position_mean_below": 0.0013938313504897558,
    "position_mean_above": 0.17117449518699604,
    "position_mannwhitney_U": 104260.0,
    "position_mannwhitney_p": 8.866972517570362e-106,
    "intensity_median_below": 0.002098884834458248,
    "intensity_median_above": 0.4444464813707795,
    "intensity_ratio": 211.75362939124648,
    "intensity_mean_below": 0.004775004700170339,
    "intensity_mean_above": 0.556757011596835,
    "intensity_mannwhitney_U": 104224.0,
    "intensity_mannwhitney_p": 1.2330086596668806e-105,
    "total_median_below": 0.002324572772010337,
    "total_median_above": 0.4819847793868548,
    "total_ratio": 207.34338162707837,
    "total_mean_below": 0.005036555188816971,
    "total_mean_above": 0.5869859838726226,
    "total_mannwhitney_U": 104234.0,
    "total_mannwhitney_p": 1.1251250985275703e-105
  },
  "binned": {
    "position": {
      "bins": [
        -6,
        -5,
        -4,
        -3,
        -2,
        -1,
        0,
        1,
        2,
        3,
        4,
        5,
        6,
        7
      ],
      "counts": [
        27,
        26,
        71,
        29,
        71,
        29,
        71,
        29,
        71,
        29,
        71,
        29,
        71,
        29
      ],
      "medians": [
        0.00038314091691587994,
        0.0004640851098711092,
        0.0005024181187411316,
        0.0008645321598118578,
        0.0011232702907452011,
        0.0023273348997767456,
        0.009384335612253476,
        0.047204253794658264,
        0.10102135099860361,
        0.10113180149686163,
        0.1813494594975171,
        0.2567839174198268,
        0.25971221898200864,
        0.3114705027265977
      ],
      "q25": [
        0.0002897350750914724,
        0.0002806791890023695,
        0.000343750081065027,
        0.0004758560393105338,
        0.000774310393885396,
        0.001517131387542678,
        0.003120850214604489,
        0.029461974784500036,
        0.06414419058695693,
        0.07398596022107712,
        0.11734901687887737,
        0.15688366527522019,
        0.20470212966856474,
        0.2929619171438929
      ],
      "q75": [
        0.0005929126500668013,
        0.000925379666852441,
        0.0007562709026376975,
        0.001238844353972553,
        0.0019586847842502117,
        0.0036569915526136107,
        0.03323087524015224,
        0.06397592410840365,
        0.1379253163949623,
        0.16014946732508234,
        0.29418671145834796,
        0.2927545747030757,
        0.32826323427958715,
        0.3539279743648073
      ],
      "means": [
        0.0005091899273753001,
        0.0006425181764291471,
        0.0006756606143479486,
        0.0011898007210273012,
        0.0014558436806176582,
        0.002750761132578722,
        0.01953586062623561,
        0.04866349393485795,
        0.11108726888540467,
        0.11857751096907937,
        0.20653732050415002,
        0.23884072243057222,
        0.2679601696820197,
        0.31732271352820507
      ],
      "stds": [
        0.0003529276629824162,
        0.00047216320904810353,
        0.0005592152978381972,
        0.0011691179544741687,
        0.000932643808636629,
        0.0014953264988059123,
        0.020842521576777413,
        0.02555628264542939,
        0.06082155514954216,
        0.0620342336114019,
        0.10289217867797346,
        0.08340756588532941,
        0.08006265855787423,
        0.04969751481426601
      ]
    },
    "intensity": {
      "bins": [
        -6,
        -5,
        -4,
        -3,
        -2,
        -1,
        0,
        1,
        2,
        3,
        4,
        5,
        6,
        7
      ],
      "counts": [
        27,
        26,
        71,
        29,
        71,
        29,
        71,
        29,
        71,
        29,
        71,
        29,
        71,
        29
      ],
      "medians": [
        0.0003827147769411843,
        0.0006569050105847962,
        0.0006999255866233511,
        0.002034943006056558,
        0.003522446184894102,
        0.009293977933861018,
        0.04766405717975934,
        0.24222939463448326,
        0.37875617716347665,
        0.3915397503486412,
        0.48796830808986197,
        0.5316115337290332,
        0.5715862854008699,
        0.8692913012846698
      ],
      "q25": [
        0.00019847424604302333,
        0.0003812352886125479,
        0.00043442065346155356,
        0.0010616652780198357,
        0.002012791200548106,
        0.005655149104935551,
        0.013674529264589948,
        0.14088969247907315,
        0.28381997592986535,
        0.32381464052933734,
        0.4030860916937918,
        0.4359594925181092,
        0.46538489559105845,
        0.6980270899134713
      ],
      "q75": [
        0.0009042689286779203,
        0.0011540060222604653,
        0.00155858950566302,
        0.003674181540174177,
        0.006732722198394558,
        0.013033481099315729,
        0.16227065279858371,
        0.37270330068327767,
        0.4781272918001742,
        0.46662344181624027,
        0.8333074178169665,
        1.116902723552859,
        1.1044595730585276,
        1.3191839964980894
      ],
      "means": [
        0.0007109276087571372,
        0.0009016493938380989,
        0.0013361382010753113,
        0.003333061131921549,
        0.004821398049539147,
        0.01079407647608759,
        0.10158594738109165,
        0.26128133397449715,
        0.3852473922762228,
        0.4047102650495217,
        0.6367432300454584,
        0.7585507803680636,
        0.811302979056431,
        1.014816540803144
      ],
      "stds": [
        0.0007325170562598833,
        0.0008023314157615275,
        0.0015926801312663426,
        0.0035688440762554233,
        0.003756522619085451,
        0.007139039995239346,
        0.11134930767890705,
        0.14347871839911044,
        0.13450461957282364,
        0.10710908474776717,
        0.3638815324219613,
        0.4383056648895278,
        0.4375560970293932,
        0.4490931129495482
      ]
    },
    "total": {
      "bins": [
        -6,
        -5,
        -4,
        -3,
        -2,
        -1,
        0,
        1,
        2,
        3,
        4,
        5,
        6,
        7
      ],
      "counts": [
        27,
        26,
        71,
        29,
        71,
        29,
        71,
        29,
        71,
        29,
        71,
        29,
        71,
        29
      ],
      "medians": [
        0.0006747358626225081,
        0.0008176105579035562,
        0.0008627613382895585,
        0.0022242567257116487,
        0.003781548549994066,
        0.009557447374094545,
        0.048579091198979595,
        0.24678598258673193,
        0.40482287477650736,
        0.40427083841060335,
        0.5208792096358023,
        0.6013337442283538,
        0.6545150046397158,
        0.9323363778671769
      ],
      "q25": [
        0.00039265220217434997,
        0.0004660698815107004,
        0.0006372119672270831,
        0.001103124552420743,
        0.002138596177894872,
        0.005743186910434458,
        0.01419511753813934,
        0.1458410232207606,
        0.2984299915746417,
        0.3309677122465409,
        0.43803130145350855,
        0.48481915316740654,
        0.5146412472761024,
        0.81049144566812
      ],